{
  "0": {
    "precision": 0.6,
    "recall": 0.5,
    "f1-score": 0.5454545454545454,
    "support": 12.0
  },
  "1": {
    "precision": 0.3076923076923077,
    "recall": 0.36363636363636365,
    "f1-score": 0.3333333333333333,
    "support": 11.0
  },
  "2": {
    "precision": 0.16666666666666666,
    "recall": 0.125,
    "f1-score": 0.14285714285714285,
    "support": 8.0
  },
  "3": {
    "precision": 0.3333333333333333,
    "recall": 0.42857142857142855,
    "f1-score": 0.375,
    "support": 7.0
  },
  "accuracy": 0.3684210526315789,
  "macro avg": {
    "precision": 0.3519230769230769,
    "recall": 0.35430194805194803,
    "f1-score": 0.34916125541125537,
    "support": 38.0
  },
  "weighted avg": {
    "precision": 0.3750337381916329,
    "recall": 0.3684210526315789,
    "f1-score": 0.36789416723627244,
    "support": 38.0
  }
}