{
    "eval_loss": 0.7884874939918518,
    "eval_accuracy": 0.7825,
    "eval_weighted_precision": 0.7917236547911054,
    "eval_weighted_recall": 0.7825,
    "eval_weighted_f1": 0.7847963418662937,
    "eval_macro_precision": 0.7771039691263386,
    "eval_macro_recall": 0.7746076447503211,
    "eval_macro_f1": 0.7737126758167397,
    "eval_roc_auc": 0.9121606232846139,
    "eval_cohen_kappa": 0.6683598105457769,
    "eval_confusion_matrix": [
        [
            125,
            22,
            6
        ],
        [
            21,
            69,
            6
        ],
        [
            20,
            12,
            119
        ]
    ],
    "eval_runtime": 0.1347,
    "eval_samples_per_second": 2970.029,
    "eval_steps_per_second": 29.7,
    "epoch": 39.0
}