{
  "0": {
    "precision": 0.8,
    "recall": 0.3076923076923077,
    "f1-score": 0.4444444444444444,
    "support": 13.0
  },
  "1": {
    "precision": 0.2222222222222222,
    "recall": 0.18181818181818182,
    "f1-score": 0.2,
    "support": 11.0
  },
  "2": {
    "precision": 0.1111111111111111,
    "recall": 0.125,
    "f1-score": 0.11764705882352941,
    "support": 8.0
  },
  "3": {
    "precision": 0.2,
    "recall": 0.5,
    "f1-score": 0.2857142857142857,
    "support": 6.0
  },
  "accuracy": 0.2631578947368421,
  "macro avg": {
    "precision": 0.3333333333333333,
    "recall": 0.2786276223776224,
    "f1-score": 0.26195144724556485,
    "support": 38.0
  },
  "weighted avg": {
    "precision": 0.3929824561403509,
    "recall": 0.2631578947368421,
    "f1-score": 0.2798221042803086,
    "support": 38.0
  }
}