{
  "0": {
    "precision": 0.25,
    "recall": 0.3,
    "f1-score": 0.2727272727272727,
    "support": 30.0
  },
  "1": {
    "precision": 0.45454545454545453,
    "recall": 0.4,
    "f1-score": 0.425531914893617,
    "support": 50.0
  },
  "2": {
    "precision": 0.3125,
    "recall": 0.3448275862068966,
    "f1-score": 0.32786885245901637,
    "support": 29.0
  },
  "3": {
    "precision": 0.32142857142857145,
    "recall": 0.2903225806451613,
    "f1-score": 0.3050847457627119,
    "support": 31.0
  },
  "accuracy": 0.34285714285714286,
  "macro avg": {
    "precision": 0.3346185064935065,
    "recall": 0.33378754171301445,
    "f1-score": 0.3328031964606545,
    "support": 140.0
  },
  "weighted avg": {
    "precision": 0.3518147031539889,
    "recall": 0.34285714285714286,
    "f1-score": 0.3458874126175327,
    "support": 140.0
  }
}