{
  "0": {
    "precision": 0.35294117647058826,
    "recall": 0.46153846153846156,
    "f1-score": 0.4,
    "support": 13.0
  },
  "1": {
    "precision": 0.3333333333333333,
    "recall": 0.26666666666666666,
    "f1-score": 0.2962962962962963,
    "support": 15.0
  },
  "2": {
    "precision": 0.4,
    "recall": 0.3076923076923077,
    "f1-score": 0.34782608695652173,
    "support": 13.0
  },
  "3": {
    "precision": 0.2727272727272727,
    "recall": 0.3333333333333333,
    "f1-score": 0.3,
    "support": 9.0
  },
  "accuracy": 0.34,
  "macro avg": {
    "precision": 0.3397504456327986,
    "recall": 0.3423076923076923,
    "f1-score": 0.33603059581320455,
    "support": 50.0
  },
  "weighted avg": {
    "precision": 0.344855614973262,
    "recall": 0.34,
    "f1-score": 0.3373236714975845,
    "support": 50.0
  }
}