{
  "0": {
    "precision": 0.1111111111111111,
    "recall": 0.14285714285714285,
    "f1-score": 0.125,
    "support": 14.0
  },
  "1": {
    "precision": 0.5,
    "recall": 0.3684210526315789,
    "f1-score": 0.42424242424242425,
    "support": 19.0
  },
  "2": {
    "precision": 0.47619047619047616,
    "recall": 0.47619047619047616,
    "f1-score": 0.47619047619047616,
    "support": 21.0
  },
  "3": {
    "precision": 0.391304347826087,
    "recall": 0.4090909090909091,
    "f1-score": 0.4,
    "support": 22.0
  },
  "accuracy": 0.3684210526315789,
  "macro avg": {
    "precision": 0.3696514837819186,
    "recall": 0.34913989519252675,
    "f1-score": 0.3563582251082251,
    "support": 76.0
  },
  "weighted avg": {
    "precision": 0.39031909483854565,
    "recall": 0.3684210526315789,
    "f1-score": 0.3764553429027114,
    "support": 76.0
  }
}