{
  "0": {
    "precision": 0.47058823529411764,
    "recall": 0.4444444444444444,
    "f1-score": 0.45714285714285713,
    "support": 18.0
  },
  "1": {
    "precision": 0.5217391304347826,
    "recall": 0.5217391304347826,
    "f1-score": 0.5217391304347826,
    "support": 23.0
  },
  "2": {
    "precision": 0.47058823529411764,
    "recall": 0.47058823529411764,
    "f1-score": 0.47058823529411764,
    "support": 17.0
  },
  "3": {
    "precision": 0.2222222222222222,
    "recall": 0.23529411764705882,
    "f1-score": 0.22857142857142856,
    "support": 17.0
  },
  "accuracy": 0.4266666666666667,
  "macro avg": {
    "precision": 0.42128445581131,
    "recall": 0.4180164819551009,
    "f1-score": 0.4195104128607965,
    "support": 75.0
  },
  "weighted avg": {
    "precision": 0.4299782135076253,
    "recall": 0.4266666666666667,
    "f1-score": 0.4281904761904762,
    "support": 75.0
  }
}