{
  "0": {
    "precision": 0.3125,
    "recall": 0.2777777777777778,
    "f1-score": 0.29411764705882354,
    "support": 18.0
  },
  "1": {
    "precision": 0.22727272727272727,
    "recall": 0.4166666666666667,
    "f1-score": 0.29411764705882354,
    "support": 12.0
  },
  "2": {
    "precision": 0.29411764705882354,
    "recall": 0.23809523809523808,
    "f1-score": 0.2631578947368421,
    "support": 21.0
  },
  "3": {
    "precision": 0.45,
    "recall": 0.375,
    "f1-score": 0.4090909090909091,
    "support": 24.0
  },
  "accuracy": 0.32,
  "macro avg": {
    "precision": 0.3209725935828877,
    "recall": 0.32688492063492064,
    "f1-score": 0.3151210244863496,
    "support": 75.0
  },
  "weighted avg": {
    "precision": 0.3377165775401069,
    "recall": 0.32,
    "f1-score": 0.3222403602589361,
    "support": 75.0
  }
}