{
  "0": {
    "precision": 0.4090909090909091,
    "recall": 0.34615384615384615,
    "f1-score": 0.375,
    "support": 26.0
  },
  "1": {
    "precision": 0.36363636363636365,
    "recall": 0.5714285714285714,
    "f1-score": 0.4444444444444444,
    "support": 14.0
  },
  "2": {
    "precision": 0.6666666666666666,
    "recall": 0.47619047619047616,
    "f1-score": 0.5555555555555556,
    "support": 21.0
  },
  "3": {
    "precision": 0.4117647058823529,
    "recall": 0.4666666666666667,
    "f1-score": 0.4375,
    "support": 15.0
  },
  "accuracy": 0.4473684210526316,
  "macro avg": {
    "precision": 0.46278966131907306,
    "recall": 0.4651098901098901,
    "f1-score": 0.453125,
    "support": 76.0
  },
  "weighted avg": {
    "precision": 0.4724176752040529,
    "recall": 0.4473684210526316,
    "f1-score": 0.45001827485380114,
    "support": 76.0
  }
}