{
  "0": {
    "precision": 0.5,
    "recall": 0.32142857142857145,
    "f1-score": 0.391304347826087,
    "support": 28.0
  },
  "1": {
    "precision": 0.4375,
    "recall": 0.3684210526315789,
    "f1-score": 0.4,
    "support": 19.0
  },
  "2": {
    "precision": 0.3684210526315789,
    "recall": 0.3888888888888889,
    "f1-score": 0.3783783783783784,
    "support": 18.0
  },
  "3": {
    "precision": 0.13636363636363635,
    "recall": 0.3,
    "f1-score": 0.1875,
    "support": 10.0
  },
  "accuracy": 0.3466666666666667,
  "macro avg": {
    "precision": 0.36057117224880386,
    "recall": 0.3446846282372598,
    "f1-score": 0.33929568155111633,
    "support": 75.0
  },
  "weighted avg": {
    "precision": 0.40410287081339713,
    "recall": 0.3466666666666667,
    "f1-score": 0.36323110066588327,
    "support": 75.0
  }
}