{
  "0": {
    "precision": 0.35714285714285715,
    "recall": 0.2777777777777778,
    "f1-score": 0.3125,
    "support": 18.0
  },
  "1": {
    "precision": 0.5416666666666666,
    "recall": 0.6190476190476191,
    "f1-score": 0.5777777777777777,
    "support": 21.0
  },
  "2": {
    "precision": 0.3888888888888889,
    "recall": 0.5384615384615384,
    "f1-score": 0.45161290322580644,
    "support": 13.0
  },
  "3": {
    "precision": 0.47368421052631576,
    "recall": 0.391304347826087,
    "f1-score": 0.42857142857142855,
    "support": 23.0
  },
  "accuracy": 0.4533333333333333,
  "macro avg": {
    "precision": 0.44034565580618207,
    "recall": 0.45664782077825555,
    "f1-score": 0.4426155273937532,
    "support": 75.0
  },
  "weighted avg": {
    "precision": 0.45005151768309665,
    "recall": 0.4533333333333333,
    "f1-score": 0.44648591909882235,
    "support": 75.0
  }
}