{
  "0": {
    "precision": 0.5,
    "recall": 0.45454545454545453,
    "f1-score": 0.47619047619047616,
    "support": 11.0
  },
  "1": {
    "precision": 0.5,
    "recall": 0.2857142857142857,
    "f1-score": 0.36363636363636365,
    "support": 14.0
  },
  "2": {
    "precision": 0.16666666666666666,
    "recall": 0.14285714285714285,
    "f1-score": 0.15384615384615385,
    "support": 7.0
  },
  "3": {
    "precision": 0.14285714285714285,
    "recall": 0.3333333333333333,
    "f1-score": 0.2,
    "support": 6.0
  },
  "accuracy": 0.3157894736842105,
  "macro avg": {
    "precision": 0.3273809523809524,
    "recall": 0.30411255411255406,
    "f1-score": 0.29841824841824843,
    "support": 38.0
  },
  "weighted avg": {
    "precision": 0.38220551378446116,
    "recall": 0.3157894736842105,
    "f1-score": 0.33173493173493174,
    "support": 38.0
  }
}