{
  "0": {
    "precision": 0.2,
    "recall": 0.2,
    "f1-score": 0.2,
    "support": 10.0
  },
  "1": {
    "precision": 0.38461538461538464,
    "recall": 0.2631578947368421,
    "f1-score": 0.3125,
    "support": 19.0
  },
  "2": {
    "precision": 0.4166666666666667,
    "recall": 0.4166666666666667,
    "f1-score": 0.4166666666666667,
    "support": 12.0
  },
  "3": {
    "precision": 0.3333333333333333,
    "recall": 0.5555555555555556,
    "f1-score": 0.4166666666666667,
    "support": 9.0
  },
  "accuracy": 0.34,
  "macro avg": {
    "precision": 0.33365384615384613,
    "recall": 0.3588450292397661,
    "f1-score": 0.33645833333333336,
    "support": 50.0
  },
  "weighted avg": {
    "precision": 0.34615384615384615,
    "recall": 0.34,
    "f1-score": 0.33375,
    "support": 50.0
  }
}