{
  "0": {
    "precision": 0.35714285714285715,
    "recall": 0.29411764705882354,
    "f1-score": 0.3225806451612903,
    "support": 17.0
  },
  "1": {
    "precision": 0.3888888888888889,
    "recall": 0.4375,
    "f1-score": 0.4117647058823529,
    "support": 16.0
  },
  "2": {
    "precision": 0.4782608695652174,
    "recall": 0.5238095238095238,
    "f1-score": 0.5,
    "support": 21.0
  },
  "3": {
    "precision": 0.3,
    "recall": 0.2857142857142857,
    "f1-score": 0.2926829268292683,
    "support": 21.0
  },
  "accuracy": 0.38666666666666666,
  "macro avg": {
    "precision": 0.38107315389924085,
    "recall": 0.3852853641456583,
    "f1-score": 0.3817570694682279,
    "support": 75.0
  },
  "weighted avg": {
    "precision": 0.3818283873936048,
    "recall": 0.38666666666666666,
    "f1-score": 0.3829126363369895,
    "support": 75.0
  }
}