{
    "eval_loss": 0.7190058827400208,
    "eval_accuracy": 0.7575,
    "eval_weighted_precision": 0.7727737337029645,
    "eval_weighted_recall": 0.7575,
    "eval_weighted_f1": 0.759634020406491,
    "eval_macro_precision": 0.7644260023013255,
    "eval_macro_recall": 0.7512678728592247,
    "eval_macro_f1": 0.7530090041026716,
    "eval_roc_auc": 0.9007395275023308,
    "eval_cohen_kappa": 0.6289673242615207,
    "eval_confusion_matrix": [
        [
            125,
            19,
            9
        ],
        [
            25,
            68,
            3
        ],
        [
            31,
            10,
            110
        ]
    ],
    "eval_runtime": 0.1341,
    "eval_samples_per_second": 2982.425,
    "eval_steps_per_second": 29.824,
    "epoch": 29.0
}