variant,sent_mean_len,sent_std_len,tok_mean_len,tok_std_len,vocab_size,ttr,top_unigrams,flesch,distinct1,distinct2,batch_diversity,bert_f1,gpt2_ppl,mlm_ppl
variant_8_final,21.912,6.14710685336335,5.0951381282706585,2.5770557763009885,4505,0.1370634051356943,"[{'token': 'nyang', 'count': 1563, 'pct': 4.755385177071924}, {'token': '.', 'count': 1451, 'pct': 4.414628209808933}, {'token': 'dan', 'count': 1328, 'pct': 4.040404040404041}, {'token': 'lon', 'count': 1056, 'pct': 3.2128514056224895}, {'token': 'keu', 'count': 750, 'pct': 2.281854691493246}, {'token': 'nyan', 'count': 625, 'pct': 1.9015455762443714}, {'token': 'hana', 'count': 403, 'pct': 1.2261165875623707}, {'token': 'lam', 'count': 402, 'pct': 1.2230741146403796}, {'token': 'jih', 'count': 401, 'pct': 1.2200316417183887}, {'token': 'ngon', 'count': 360, 'pct': 1.095290251916758}]",62.31,0.14954521134296414,0.6301834071519872,0.8136119653222347,1.0,2651.140625,5.34755277633667
