variant,sent_mean_len,sent_std_len,tok_mean_len,tok_std_len,vocab_size,ttr,top_unigrams,flesch,distinct1,distinct2,batch_diversity,bert_f1,gpt2_ppl,mlm_ppl
variant_11_final,15.288666666666666,6.0180842651314075,4.6234683643657615,1.9723998130152318,2544,0.11093184493960669,"[{'token': '.', 'count': 1419, 'pct': 6.187589935900231}, {'token': 'nyan', 'count': 1380, 'pct': 6.017529324554136}, {'token': 'saboh', 'count': 1259, 'pct': 5.4899053765316355}, {'token': 'ngeun', 'count': 799, 'pct': 3.4840622683469236}, {'token': 'nakeuh', 'count': 779, 'pct': 3.396851698425849}, {'token': 'ho', 'count': 603, 'pct': 2.629398683120394}, {'token': 'adalah', 'count': 554, 'pct': 2.4157327868137615}, {'token': 'gata', 'count': 451, 'pct': 1.9665983517202286}, {'token': 'nyang', 'count': 411, 'pct': 1.7921772118780797}, {'token': 'bantu', 'count': 408, 'pct': 1.7790956263899185}]",74.9,0.1368126837260855,0.5538795180722892,0.6495370604116784,1.0,628.0485229492188,4.281296253204346
