variant,sent_mean_len,sent_std_len,tok_mean_len,tok_std_len,vocab_size,ttr,top_unigrams,flesch,distinct1,distinct2,batch_diversity,bert_f1,gpt2_ppl,mlm_ppl
variant_3_final,10.106666666666667,4.237210822646845,4.527110817941953,2.290292371299073,2146,0.14155672823218998,"[{'token': '.', 'count': 1352, 'pct': 8.918205804749341}, {'token': 'nyan', 'count': 560, 'pct': 3.6939313984168867}, {'token': 'lon', 'count': 537, 'pct': 3.5422163588390503}, {'token': 'nyang', 'count': 432, 'pct': 2.849604221635884}, {'token': 'dan', 'count': 376, 'pct': 2.480211081794195}, {'token': 'keu', 'count': 319, 'pct': 2.104221635883905}, {'token': 'that', 'count': 299, 'pct': 1.9722955145118732}, {'token': 'jih', 'count': 218, 'pct': 1.437994722955145}, {'token': 'ka', 'count': 204, 'pct': 1.345646437994723}, {'token': 'bak', 'count': 182, 'pct': 1.2005277044854883}]",82.34,0.12471174820816454,0.5484916479680878,0.7067953242369265,1.0,468.78558349609375,3.5841827392578125
