variant,sent_mean_len,sent_std_len,tok_mean_len,tok_std_len,vocab_size,ttr,top_unigrams,flesch,distinct1,distinct2,batch_diversity,bert_f1,gpt2_ppl,mlm_ppl
variant_7_final,22.492,6.688841653579988,4.791362854941016,1.9582488019306694,3857,0.11432212934969471,"[{'token': 'nyan', 'count': 1998, 'pct': 5.922105637560021}, {'token': 'ngeun', 'count': 1606, 'pct': 4.760211037998696}, {'token': 'saboh', 'count': 1257, 'pct': 3.7257691623688425}, {'token': '.', 'count': 1131, 'pct': 3.3523030410812735}, {'token': 'dari', 'count': 892, 'pct': 2.6439030173691385}, {'token': 'ho', 'count': 817, 'pct': 2.4216017546979667}, {'token': 'nakeuh', 'count': 730, 'pct': 2.163732289999407}, {'token': 'lam', 'count': 569, 'pct': 1.6865255794652911}, {'token': 'ulon', 'count': 568, 'pct': 1.6835615626296756}, {'token': 'adalah', 'count': 557, 'pct': 1.650957377437904}]",63.02,0.13879288274449564,0.6194514673408648,0.7858375575912211,1.0,1570.2412109375,4.919703960418701
