variant,sent_mean_len,sent_std_len,tok_mean_len,tok_std_len,vocab_size,ttr,top_unigrams,flesch,distinct1,distinct2,batch_diversity,bert_f1,gpt2_ppl,mlm_ppl
variant_2_final,11.225333333333333,4.648428934119092,4.5496496020905095,2.0064925045568636,1811,0.10755434137070911,"[{'token': 'nyan', 'count': 1257, 'pct': 7.46525715643188}, {'token': '.', 'count': 1029, 'pct': 6.111177099417983}, {'token': 'saboh', 'count': 586, 'pct': 3.4802233044304547}, {'token': 'adalah', 'count': 537, 'pct': 3.189214871124837}, {'token': 'ngeun', 'count': 487, 'pct': 2.8922674902007364}, {'token': 'ulon', 'count': 473, 'pct': 2.8091222235419884}, {'token': 'ho', 'count': 429, 'pct': 2.54780852832878}, {'token': 'nakeuh', 'count': 355, 'pct': 2.1083264045611116}, {'token': 'dari', 'count': 268, 'pct': 1.5916379617531773}, {'token': 'gobnyan', 'count': 235, 'pct': 1.395652690343271}]",83.15,0.1286785920369302,0.552000512952039,0.7000360752148518,1.0,470.5086364746094,3.7087743282318115
