variant,sent_mean_len,sent_std_len,tok_mean_len,tok_std_len,vocab_size,ttr,top_unigrams,flesch,distinct1,distinct2,batch_diversity,bert_f1,gpt2_ppl,mlm_ppl
variant_4_final,15.753333333333334,6.646439314065506,5.230596699111299,2.8342150987244423,731,0.03093525179856115,"[{'token': '.', 'count': 2785, 'pct': 11.785865425306813}, {'token': 'dan', 'count': 838, 'pct': 3.54633939906898}, {'token': ',', 'count': 526, 'pct': 2.225983918747355}, {'token': 'na', 'count': 476, 'pct': 2.014388489208633}, {'token': 'sentence', 'count': 455, 'pct': 1.9255184088023698}, {'token': 'nang', 'count': 379, 'pct': 1.6038933559035125}, {'token': 'semangat', 'count': 277, 'pct': 1.1722386796445197}, {'token': 'menarik', 'count': 275, 'pct': 1.1637748624629707}, {'token': 'Acehnese', 'count': 252, 'pct': 1.0664409648751587}, {'token': 'a', 'count': 220, 'pct': 0.9310198899703767}]",62.64,0.025549196972494,0.06468763845813026,0.8585595943775293,1.0,651.460693359375,7.838961124420166
