variant,sent_mean_len,sent_std_len,tok_mean_len,tok_std_len,vocab_size,ttr,top_unigrams,flesch,distinct1,distinct2,batch_diversity,bert_f1,gpt2_ppl,mlm_ppl
variant_10_final,12.868666666666666,5.306670477385566,4.835051546391752,2.342006017027,2777,0.1438636481375952,"[{'token': '.', 'count': 1462, 'pct': 7.573952235403823}, {'token': 'nyang', 'count': 894, 'pct': 4.631404444904938}, {'token': 'keu', 'count': 695, 'pct': 3.6004766098533905}, {'token': 'nyan', 'count': 507, 'pct': 2.626534735533337}, {'token': 'dan', 'count': 475, 'pct': 2.46075739522354}, {'token': 'jeut', 'count': 473, 'pct': 2.4503963114541785}, {'token': 'asisten', 'count': 433, 'pct': 2.2431746360669327}, {'token': 'nakeuh', 'count': 404, 'pct': 2.0929389214111795}, {'token': 'bantuan', 'count': 384, 'pct': 1.9893280837175569}, {'token': 'lon', 'count': 370, 'pct': 1.9168004973320207}]",75.91,0.14064308358073768,0.544987922705314,0.6121739192797366,1.0,476.6265563964844,3.8194615840911865
