variant,sent_mean_len,sent_std_len,tok_mean_len,tok_std_len,vocab_size,ttr,top_unigrams,flesch,distinct1,distinct2,batch_diversity,bert_f1,gpt2_ppl,mlm_ppl
variant_6_final,20.349333333333334,6.230085571019248,4.998460228017298,2.488269738947038,4185,0.13710522867251998,"[{'token': '.', 'count': 1430, 'pct': 4.6848381601362865}, {'token': 'nyang', 'count': 1305, 'pct': 4.2753243349495476}, {'token': 'dan', 'count': 1170, 'pct': 3.8330494037478706}, {'token': 'lon', 'count': 802, 'pct': 2.627440702398113}, {'token': 'jih', 'count': 659, 'pct': 2.1589568863844844}, {'token': 'keu', 'count': 623, 'pct': 2.0410169047307036}, {'token': 'nyan', 'count': 551, 'pct': 1.8051369414231424}, {'token': 'ngon', 'count': 413, 'pct': 1.3530336784169834}, {'token': 'bak', 'count': 393, 'pct': 1.2875114663871052}, {'token': 'lam', 'count': 380, 'pct': 1.2449220285676843}]",62.72,0.1435343193022374,0.6297127326738932,0.7949175941361725,1.0,1601.441162109375,4.742349624633789
