variant,sent_mean_len,sent_std_len,tok_mean_len,tok_std_len,vocab_size,ttr,top_unigrams,flesch,distinct1,distinct2,batch_diversity,bert_f1,gpt2_ppl,mlm_ppl
variant_12_final,19.46,5.484803247762555,5.473586844809867,2.883338247063649,4930,0.16889345666324085,"[{'token': 'nyang', 'count': 1923, 'pct': 6.587872559095581}, {'token': '.', 'count': 1491, 'pct': 5.107913669064748}, {'token': ',', 'count': 950, 'pct': 3.254539225762247}, {'token': 'dan', 'count': 854, 'pct': 2.9256594724220624}, {'token': 'keu', 'count': 778, 'pct': 2.6652963343610825}, {'token': 'nyan', 'count': 719, 'pct': 2.4631723192874273}, {'token': 'hana', 'count': 460, 'pct': 1.5758821514217198}, {'token': 'lon', 'count': 374, 'pct': 1.2812607057211374}, {'token': 'jih', 'count': 311, 'pct': 1.065433367591641}, {'token': 'untuk', 'count': 289, 'pct': 0.9900650907845152}]",45.25,0.19424460431654678,0.6666196438017986,0.8086227645812673,1.0,1763.7891845703125,2.7676713466644287
