variant,sent_mean_len,sent_std_len,tok_mean_len,tok_std_len,vocab_size,ttr,top_unigrams,flesch,distinct1,distinct2,batch_diversity,bert_f1,gpt2_ppl,mlm_ppl
variant_5_final,22.76,6.686683283462238,4.868277680140597,2.0374830028121593,4062,0.11898066783831283,"[{'token': 'nyan', 'count': 2069, 'pct': 6.060339777387229}, {'token': 'ngeun', 'count': 1717, 'pct': 5.029291154071471}, {'token': 'saboh', 'count': 1298, 'pct': 3.80199179847686}, {'token': '.', 'count': 1140, 'pct': 3.3391915641476277}, {'token': 'dari', 'count': 965, 'pct': 2.826596367896895}, {'token': 'ho', 'count': 825, 'pct': 2.416520210896309}, {'token': 'nakeuh', 'count': 795, 'pct': 2.328646748681898}, {'token': 'lam', 'count': 588, 'pct': 1.7223198594024607}, {'token': 'adalah', 'count': 578, 'pct': 1.69302870533099}, {'token': 'ulon', 'count': 447, 'pct': 1.3093145869947276}]",62.82,0.14289312929025758,0.6247126617753566,0.7936162041021522,1.0,1529.762939453125,4.721997261047363
