variant,sent_mean_len,sent_std_len,tok_mean_len,tok_std_len,vocab_size,ttr,top_unigrams,flesch,distinct1,distinct2,batch_diversity,bert_f1,gpt2_ppl,mlm_ppl
variant_1_final,26.806,17.95060901473819,4.448183242557636,2.3899607741184137,2878,0.21472804595985973,"[{'token': '.', 'count': 1013, 'pct': 7.5580094008804}, {'token': ',', 'count': 671, 'pct': 5.006341863761844}, {'token': 'nyang', 'count': 317, 'pct': 2.3651421323584274}, {'token': 'nyan', 'count': 271, 'pct': 2.0219353875997914}, {'token': 'hana', 'count': 204, 'pct': 1.522047302842647}, {'token': 'lon', 'count': 201, 'pct': 1.4996642542714318}, {'token': 'dan', 'count': 199, 'pct': 1.4847422218906214}, {'token': 'that', 'count': 199, 'pct': 1.4847422218906214}, {'token': 'keu', 'count': 172, 'pct': 1.283294784749683}, {'token': 'ngon', 'count': 167, 'pct': 1.2459897037976573}]",74.29,0.17436204943700445,0.6248667377398721,0.8044545765803888,1.0,25028.236328125,25.92401885986328
