variant,sent_mean_len,sent_std_len,tok_mean_len,tok_std_len,vocab_size,ttr,top_unigrams,flesch,distinct1,distinct2,batch_diversity,bert_f1,gpt2_ppl,mlm_ppl
variant_9_final,14.618,5.914621092400313,4.605509189583619,1.974545622186709,2598,0.11848406074702422,"[{'token': '.', 'count': 1451, 'pct': 6.617412322707164}, {'token': 'nyan', 'count': 1348, 'pct': 6.147671820130433}, {'token': 'saboh', 'count': 1145, 'pct': 5.221872577187941}, {'token': 'nakeuh', 'count': 777, 'pct': 3.543576412641948}, {'token': 'ngeun', 'count': 746, 'pct': 3.402198203128563}, {'token': 'adalah', 'count': 558, 'pct': 2.5448077712409356}, {'token': 'ho', 'count': 551, 'pct': 2.5128836594153325}, {'token': 'gata', 'count': 471, 'pct': 2.1480366671227253}, {'token': 'nyang', 'count': 444, 'pct': 2.0249008072239705}, {'token': 'bantu', 'count': 433, 'pct': 1.974734345783737}]",75.91,0.1459067566206827,0.5529933034590403,0.6255646399970003,1.0,499.5210266113281,3.827538013458252
