{
  "0": {
    "precision": 0.3333333333333333,
    "recall": 0.3684210526315789,
    "f1-score": 0.35,
    "support": 19.0
  },
  "1": {
    "precision": 0.47368421052631576,
    "recall": 0.42857142857142855,
    "f1-score": 0.45,
    "support": 21.0
  },
  "2": {
    "precision": 0.3333333333333333,
    "recall": 0.35294117647058826,
    "f1-score": 0.34285714285714286,
    "support": 17.0
  },
  "3": {
    "precision": 0.35294117647058826,
    "recall": 0.3333333333333333,
    "f1-score": 0.34285714285714286,
    "support": 18.0
  },
  "accuracy": 0.37333333333333335,
  "macro avg": {
    "precision": 0.3733230134158927,
    "recall": 0.37081674775173223,
    "f1-score": 0.37142857142857144,
    "support": 75.0
  },
  "weighted avg": {
    "precision": 0.37733746130030954,
    "recall": 0.37333333333333335,
    "f1-score": 0.3746666666666667,
    "support": 75.0
  }
}