{
  "0": {
    "precision": 0.225,
    "recall": 0.2727272727272727,
    "f1-score": 0.2465753424657534,
    "support": 33.0
  },
  "1": {
    "precision": 0.375,
    "recall": 0.30612244897959184,
    "f1-score": 0.33707865168539325,
    "support": 49.0
  },
  "2": {
    "precision": 0.16129032258064516,
    "recall": 0.18518518518518517,
    "f1-score": 0.1724137931034483,
    "support": 27.0
  },
  "3": {
    "precision": 0.2413793103448276,
    "recall": 0.22580645161290322,
    "f1-score": 0.23333333333333334,
    "support": 31.0
  },
  "accuracy": 0.2571428571428571,
  "macro avg": {
    "precision": 0.2506674082313682,
    "recall": 0.24746033962623826,
    "f1-score": 0.24735028014698207,
    "support": 140.0
  },
  "weighted avg": {
    "precision": 0.26883998093119343,
    "recall": 0.2571428571428571,
    "f1-score": 0.2610167570077183,
    "support": 140.0
  }
}