{
  "0": {
    "precision": 0.29411764705882354,
    "recall": 0.3225806451612903,
    "f1-score": 0.3076923076923077,
    "support": 31.0
  },
  "1": {
    "precision": 0.3235294117647059,
    "recall": 0.2558139534883721,
    "f1-score": 0.2857142857142857,
    "support": 43.0
  },
  "2": {
    "precision": 0.3333333333333333,
    "recall": 0.40625,
    "f1-score": 0.36619718309859156,
    "support": 32.0
  },
  "3": {
    "precision": 0.3333333333333333,
    "recall": 0.3235294117647059,
    "f1-score": 0.3283582089552239,
    "support": 34.0
  },
  "accuracy": 0.32142857142857145,
  "macro avg": {
    "precision": 0.321078431372549,
    "recall": 0.32704350260359205,
    "f1-score": 0.32199049636510224,
    "support": 140.0
  },
  "weighted avg": {
    "precision": 0.3216386554621849,
    "recall": 0.32142857142857145,
    "f1-score": 0.3193333199129169,
    "support": 140.0
  }
}