{
  "0": {
    "precision": 0.3076923076923077,
    "recall": 0.35294117647058826,
    "f1-score": 0.3287671232876712,
    "support": 34.0
  },
  "1": {
    "precision": 0.4375,
    "recall": 0.30434782608695654,
    "f1-score": 0.358974358974359,
    "support": 46.0
  },
  "2": {
    "precision": 0.3170731707317073,
    "recall": 0.3611111111111111,
    "f1-score": 0.33766233766233766,
    "support": 36.0
  },
  "3": {
    "precision": 0.25,
    "recall": 0.2916666666666667,
    "f1-score": 0.2692307692307692,
    "support": 24.0
  },
  "accuracy": 0.32857142857142857,
  "macro avg": {
    "precision": 0.32806636960600377,
    "recall": 0.3275166950838307,
    "f1-score": 0.32365864728878424,
    "support": 140.0
  },
  "weighted avg": {
    "precision": 0.34286551862771375,
    "recall": 0.32857142857142857,
    "f1-score": 0.33077346658559964,
    "support": 140.0
  }
}