{
  "0": {
    "precision": 0.18181818181818182,
    "recall": 0.2222222222222222,
    "f1-score": 0.2,
    "support": 9.0
  },
  "1": {
    "precision": 0.6470588235294118,
    "recall": 0.4074074074074074,
    "f1-score": 0.5,
    "support": 27.0
  },
  "2": {
    "precision": 0.29411764705882354,
    "recall": 0.45454545454545453,
    "f1-score": 0.35714285714285715,
    "support": 11.0
  },
  "3": {
    "precision": 0.0,
    "recall": 0.0,
    "f1-score": 0.0,
    "support": 3.0
  },
  "accuracy": 0.36,
  "macro avg": {
    "precision": 0.2807486631016043,
    "recall": 0.27104377104377103,
    "f1-score": 0.2642857142857143,
    "support": 50.0
  },
  "weighted avg": {
    "precision": 0.4468449197860963,
    "recall": 0.36,
    "f1-score": 0.38457142857142856,
    "support": 50.0
  }
}