{
  "0": {
    "precision": 0.5625,
    "recall": 0.42857142857142855,
    "f1-score": 0.4864864864864865,
    "support": 21.0
  },
  "1": {
    "precision": 0.25,
    "recall": 0.2222222222222222,
    "f1-score": 0.23529411764705882,
    "support": 18.0
  },
  "2": {
    "precision": 0.3076923076923077,
    "recall": 0.47058823529411764,
    "f1-score": 0.37209302325581395,
    "support": 17.0
  },
  "3": {
    "precision": 0.35294117647058826,
    "recall": 0.3157894736842105,
    "f1-score": 0.3333333333333333,
    "support": 19.0
  },
  "accuracy": 0.36,
  "macro avg": {
    "precision": 0.368283371040724,
    "recall": 0.35929283994299477,
    "f1-score": 0.3568017401806731,
    "support": 75.0
  },
  "weighted avg": {
    "precision": 0.3766553544494721,
    "recall": 0.36,
    "f1-score": 0.3614723341672726,
    "support": 75.0
  }
}