{
  "0": {
    "precision": 0.375,
    "recall": 0.5,
    "f1-score": 0.42857142857142855,
    "support": 12.0
  },
  "1": {
    "precision": 0.8571428571428571,
    "recall": 0.42857142857142855,
    "f1-score": 0.5714285714285714,
    "support": 14.0
  },
  "2": {
    "precision": 0.4444444444444444,
    "recall": 0.5,
    "f1-score": 0.47058823529411764,
    "support": 8.0
  },
  "3": {
    "precision": 0.16666666666666666,
    "recall": 0.25,
    "f1-score": 0.2,
    "support": 4.0
  },
  "accuracy": 0.4473684210526316,
  "macro avg": {
    "precision": 0.4608134920634921,
    "recall": 0.41964285714285715,
    "f1-score": 0.4176470588235294,
    "support": 38.0
  },
  "weighted avg": {
    "precision": 0.5453216374269007,
    "recall": 0.4473684210526316,
    "f1-score": 0.4659885006634233,
    "support": 38.0
  }
}