{
  "0": {
    "precision": 0.21875,
    "recall": 0.23333333333333334,
    "f1-score": 0.22580645161290322,
    "support": 30.0
  },
  "1": {
    "precision": 0.40476190476190477,
    "recall": 0.29310344827586204,
    "f1-score": 0.34,
    "support": 58.0
  },
  "2": {
    "precision": 0.28205128205128205,
    "recall": 0.34375,
    "f1-score": 0.30985915492957744,
    "support": 32.0
  },
  "3": {
    "precision": 0.18518518518518517,
    "recall": 0.25,
    "f1-score": 0.2127659574468085,
    "support": 20.0
  },
  "accuracy": 0.2857142857142857,
  "macro avg": {
    "precision": 0.272687092999593,
    "recall": 0.2800466954022989,
    "f1-score": 0.2721078909973223,
    "support": 140.0
  },
  "weighted avg": {
    "precision": 0.3054859657538229,
    "recall": 0.2857142857142857,
    "f1-score": 0.29046432610764106,
    "support": 140.0
  }
}