{
  "0": {
    "precision": 0.45454545454545453,
    "recall": 0.38461538461538464,
    "f1-score": 0.4166666666666667,
    "support": 13.0
  },
  "1": {
    "precision": 0.38461538461538464,
    "recall": 0.3333333333333333,
    "f1-score": 0.35714285714285715,
    "support": 15.0
  },
  "2": {
    "precision": 0.35294117647058826,
    "recall": 0.42857142857142855,
    "f1-score": 0.3870967741935484,
    "support": 14.0
  },
  "3": {
    "precision": 0.1111111111111111,
    "recall": 0.125,
    "f1-score": 0.11764705882352941,
    "support": 8.0
  },
  "accuracy": 0.34,
  "macro avg": {
    "precision": 0.32580328168563466,
    "recall": 0.3178800366300366,
    "f1-score": 0.3196383392066504,
    "support": 50.0
  },
  "weighted avg": {
    "precision": 0.350167740755976,
    "recall": 0.34,
    "f1-score": 0.34268681666214873,
    "support": 50.0
  }
}