{
  "0": {
    "precision": 0.5555555555555556,
    "recall": 0.38461538461538464,
    "f1-score": 0.45454545454545453,
    "support": 13.0
  },
  "1": {
    "precision": 0.18181818181818182,
    "recall": 0.16666666666666666,
    "f1-score": 0.17391304347826086,
    "support": 12.0
  },
  "2": {
    "precision": 0.16666666666666666,
    "recall": 0.14285714285714285,
    "f1-score": 0.15384615384615385,
    "support": 7.0
  },
  "3": {
    "precision": 0.3333333333333333,
    "recall": 0.6666666666666666,
    "f1-score": 0.4444444444444444,
    "support": 6.0
  },
  "accuracy": 0.3157894736842105,
  "macro avg": {
    "precision": 0.30934343434343436,
    "recall": 0.3402014652014652,
    "f1-score": 0.30668727407857843,
    "support": 38.0
  },
  "weighted avg": {
    "precision": 0.33080808080808083,
    "recall": 0.3157894736842105,
    "f1-score": 0.30893782037946793,
    "support": 38.0
  }
}