{
    "eval_loss": 1.2658854722976685,
    "eval_accuracy": 0.765,
    "eval_weighted_precision": 0.7649263960462954,
    "eval_weighted_recall": 0.765,
    "eval_weighted_f1": 0.7612225640949045,
    "eval_macro_precision": 0.7606516290726817,
    "eval_macro_recall": 0.7547022212122524,
    "eval_macro_f1": 0.7542673925652649,
    "eval_roc_auc": 0.8977331062381161,
    "eval_cohen_kappa": 0.6392558692878181,
    "eval_confusion_matrix": [
        [
            104,
            21,
            28
        ],
        [
            18,
            65,
            13
        ],
        [
            11,
            3,
            137
        ]
    ],
    "eval_runtime": 0.1341,
    "eval_samples_per_second": 2983.465,
    "eval_steps_per_second": 29.835,
    "epoch": 51.0
}