{
  "0": {
    "precision": 0.3333333333333333,
    "recall": 0.3235294117647059,
    "f1-score": 0.3283582089552239,
    "support": 34.0
  },
  "1": {
    "precision": 0.574468085106383,
    "recall": 0.45,
    "f1-score": 0.5046728971962616,
    "support": 60.0
  },
  "2": {
    "precision": 0.25806451612903225,
    "recall": 0.3076923076923077,
    "f1-score": 0.2807017543859649,
    "support": 26.0
  },
  "3": {
    "precision": 0.3103448275862069,
    "recall": 0.45,
    "f1-score": 0.3673469387755102,
    "support": 20.0
  },
  "accuracy": 0.39285714285714285,
  "macro avg": {
    "precision": 0.36905269053873885,
    "recall": 0.3828054298642534,
    "f1-score": 0.37026994982824013,
    "support": 140.0
  },
  "weighted avg": {
    "precision": 0.41941423150568063,
    "recall": 0.39285714285714285,
    "f1-score": 0.4006409808985614,
    "support": 140.0
  }
}