{
  "0": {
    "precision": 0.3333333333333333,
    "recall": 0.2857142857142857,
    "f1-score": 0.3076923076923077,
    "support": 35.0
  },
  "1": {
    "precision": 0.5277777777777778,
    "recall": 0.3958333333333333,
    "f1-score": 0.4523809523809524,
    "support": 48.0
  },
  "2": {
    "precision": 0.25,
    "recall": 0.3333333333333333,
    "f1-score": 0.2857142857142857,
    "support": 27.0
  },
  "3": {
    "precision": 0.2894736842105263,
    "recall": 0.36666666666666664,
    "f1-score": 0.3235294117647059,
    "support": 30.0
  },
  "accuracy": 0.35,
  "macro avg": {
    "precision": 0.35014619883040937,
    "recall": 0.34538690476190476,
    "f1-score": 0.34232923938806287,
    "support": 140.0
  },
  "weighted avg": {
    "precision": 0.37453007518796994,
    "recall": 0.35,
    "f1-score": 0.35645488964816696,
    "support": 140.0
  }
}