{
  "0": {
    "precision": 0.3333333333333333,
    "recall": 0.26666666666666666,
    "f1-score": 0.2962962962962963,
    "support": 15.0
  },
  "1": {
    "precision": 0.42857142857142855,
    "recall": 0.4,
    "f1-score": 0.41379310344827586,
    "support": 15.0
  },
  "2": {
    "precision": 0.3,
    "recall": 0.2,
    "f1-score": 0.24,
    "support": 15.0
  },
  "3": {
    "precision": 0.14285714285714285,
    "recall": 0.4,
    "f1-score": 0.21052631578947367,
    "support": 5.0
  },
  "accuracy": 0.3,
  "macro avg": {
    "precision": 0.3011904761904762,
    "recall": 0.31666666666666665,
    "f1-score": 0.29015392888351144,
    "support": 50.0
  },
  "weighted avg": {
    "precision": 0.33285714285714285,
    "recall": 0.3,
    "f1-score": 0.30607945150231897,
    "support": 50.0
  }
}