{
  "0": {
    "precision": 0.45161290322580644,
    "recall": 0.3888888888888889,
    "f1-score": 0.417910447761194,
    "support": 36.0
  },
  "1": {
    "precision": 0.3611111111111111,
    "recall": 0.30952380952380953,
    "f1-score": 0.3333333333333333,
    "support": 42.0
  },
  "2": {
    "precision": 0.2727272727272727,
    "recall": 0.3333333333333333,
    "f1-score": 0.3,
    "support": 27.0
  },
  "3": {
    "precision": 0.375,
    "recall": 0.42857142857142855,
    "f1-score": 0.4,
    "support": 35.0
  },
  "accuracy": 0.36428571428571427,
  "macro avg": {
    "precision": 0.36511282176604754,
    "recall": 0.36507936507936506,
    "f1-score": 0.3628109452736319,
    "support": 140.0
  },
  "weighted avg": {
    "precision": 0.3708097681888004,
    "recall": 0.36428571428571427,
    "f1-score": 0.365319829424307,
    "support": 140.0
  }
}