{
  "0": {
    "precision": 0.5,
    "recall": 0.5,
    "f1-score": 0.5,
    "support": 12.0
  },
  "1": {
    "precision": 0.6,
    "recall": 0.5,
    "f1-score": 0.5454545454545454,
    "support": 18.0
  },
  "2": {
    "precision": 0.38461538461538464,
    "recall": 0.4166666666666667,
    "f1-score": 0.4,
    "support": 12.0
  },
  "3": {
    "precision": 0.4,
    "recall": 0.5,
    "f1-score": 0.4444444444444444,
    "support": 8.0
  },
  "accuracy": 0.48,
  "macro avg": {
    "precision": 0.47115384615384615,
    "recall": 0.4791666666666667,
    "f1-score": 0.47247474747474744,
    "support": 50.0
  },
  "weighted avg": {
    "precision": 0.4923076923076923,
    "recall": 0.48,
    "f1-score": 0.4834747474747475,
    "support": 50.0
  }
}