{
  "0": {
    "precision": 0.4375,
    "recall": 0.6363636363636364,
    "f1-score": 0.5185185185185185,
    "support": 11.0
  },
  "1": {
    "precision": 0.36363636363636365,
    "recall": 0.2857142857142857,
    "f1-score": 0.32,
    "support": 14.0
  },
  "2": {
    "precision": 0.5,
    "recall": 0.35714285714285715,
    "f1-score": 0.4166666666666667,
    "support": 14.0
  },
  "3": {
    "precision": 0.38461538461538464,
    "recall": 0.45454545454545453,
    "f1-score": 0.4166666666666667,
    "support": 11.0
  },
  "accuracy": 0.42,
  "macro avg": {
    "precision": 0.4214379370629371,
    "recall": 0.43344155844155846,
    "f1-score": 0.417962962962963,
    "support": 50.0
  },
  "weighted avg": {
    "precision": 0.4226835664335664,
    "recall": 0.42,
    "f1-score": 0.41200740740740743,
    "support": 50.0
  }
}