{
    "eval_loss": 1.2178491353988647,
    "eval_accuracy": 0.75,
    "eval_weighted_precision": 0.7516611062548563,
    "eval_weighted_recall": 0.75,
    "eval_weighted_f1": 0.7501384765087242,
    "eval_macro_precision": 0.7446160321160321,
    "eval_macro_recall": 0.7385237667546782,
    "eval_macro_f1": 0.7409049390802246,
    "eval_roc_auc": 0.8759563727048469,
    "eval_cohen_kappa": 0.616398945097099,
    "eval_confusion_matrix": [
        [
            118,
            19,
            16
        ],
        [
            24,
            63,
            9
        ],
        [
            23,
            9,
            119
        ]
    ],
    "eval_runtime": 0.1334,
    "eval_samples_per_second": 2999.622,
    "eval_steps_per_second": 29.996,
    "epoch": 45.0
}