{
  "0": {
    "precision": 0.3055555555555556,
    "recall": 0.3333333333333333,
    "f1-score": 0.3188405797101449,
    "support": 33.0
  },
  "1": {
    "precision": 0.4444444444444444,
    "recall": 0.2608695652173913,
    "f1-score": 0.3287671232876712,
    "support": 46.0
  },
  "2": {
    "precision": 0.23684210526315788,
    "recall": 0.2903225806451613,
    "f1-score": 0.2608695652173913,
    "support": 31.0
  },
  "3": {
    "precision": 0.28205128205128205,
    "recall": 0.36666666666666664,
    "f1-score": 0.3188405797101449,
    "support": 30.0
  },
  "accuracy": 0.30714285714285716,
  "macro avg": {
    "precision": 0.31722334682861,
    "recall": 0.31279803646563814,
    "f1-score": 0.3068294619813381,
    "support": 140.0
  },
  "weighted avg": {
    "precision": 0.3309387250176724,
    "recall": 0.30714285714285716,
    "f1-score": 0.30926571939079384,
    "support": 140.0
  }
}