variant,sent_mean_len,sent_std_len,tok_mean_len,tok_std_len,vocab_size,ttr,top_unigrams,flesch,distinct1,distinct2,batch_diversity,bert_f1,gpt2_ppl,mlm_ppl
variant_6_final,11.088353413654618,4.407941092881305,4.4887721839913075,2.784542494932714,1711,0.3098515030785947,"[{'token': '?', 'count': 497, 'pct': 9.000362187613185}, {'token': 'the', 'count': 397, 'pct': 7.189424121695039}, {'token': 'of', 'count': 202, 'pct': 3.6580948931546544}, {'token': 'What', 'count': 189, 'pct': 3.422672944585295}, {'token': 'is', 'count': 142, 'pct': 2.5715320536037667}, {'token': 'in', 'count': 109, 'pct': 1.9739224918507787}, {'token': 'How', 'count': 105, 'pct': 1.901484969214053}, {'token': 'was', 'count': 98, 'pct': 1.7747193045997829}, {'token': 'to', 'count': 87, 'pct': 1.5755161173487866}, {'token': 'did', 'count': 83, 'pct': 1.5030785947120608}]",61.53,0.2968127490039841,0.6511501539576163,0.7202785991682887,1.0,645.4647827148438,3.502340078353882
