variant,sent_mean_len,sent_std_len,tok_mean_len,tok_std_len,vocab_size,ttr,top_unigrams,flesch,distinct1,distinct2,batch_diversity,bert_f1,gpt2_ppl,mlm_ppl
variant_11_final,13.926,3.4923522159140825,4.688209105270716,2.8489197624114877,1850,0.2656900761166164,"[{'token': 'the', 'count': 531, 'pct': 7.626023265833693}, {'token': '?', 'count': 498, 'pct': 7.152089616544593}, {'token': 'in', 'count': 219, 'pct': 3.1451960361912965}, {'token': 'of', 'count': 193, 'pct': 2.7717937670544304}, {'token': 'What', 'count': 183, 'pct': 2.628177509694097}, {'token': 'to', 'count': 145, 'pct': 2.082435731724831}, {'token': 'passage', 'count': 127, 'pct': 1.8239264684762315}, {'token': 'is', 'count': 123, 'pct': 1.7664799655320984}, {'token': 'Which', 'count': 100, 'pct': 1.4361625736033319}, {'token': 'as', 'count': 87, 'pct': 1.2494614390348986}]",58.89,0.25348269424098807,0.6238149956908934,0.7052829849160159,1.0,322.4235534667969,2.45992112159729
