variant,sent_mean_len,sent_std_len,tok_mean_len,tok_std_len,vocab_size,ttr,top_unigrams,flesch,distinct1,distinct2,batch_diversity,bert_f1,gpt2_ppl,mlm_ppl
variant_3_final,11.482,3.8581959514778412,4.611217557916739,2.8249219842162425,1748,0.3044765720257795,"[{'token': '?', 'count': 499, 'pct': 8.691865528653544}, {'token': 'the', 'count': 326, 'pct': 5.6784532311444}, {'token': 'of', 'count': 192, 'pct': 3.34436509318934}, {'token': 'What', 'count': 144, 'pct': 2.508273819892005}, {'token': 'in', 'count': 135, 'pct': 2.3515067061487547}, {'token': 'did', 'count': 120, 'pct': 2.0902281832433376}, {'token': 'was', 'count': 115, 'pct': 2.0031353422748652}, {'token': 'to', 'count': 111, 'pct': 1.9334610695000871}, {'token': 'When', 'count': 93, 'pct': 1.6199268420135866}, {'token': 'a', 'count': 83, 'pct': 1.4457411600766417}]",52.66,0.29454798815537364,0.5958188153310104,0.8192132522238162,1.0,368.62860107421875,2.5492289066314697
