variant,sent_mean_len,sent_std_len,tok_mean_len,tok_std_len,vocab_size,ttr,top_unigrams,flesch,distinct1,distinct2,batch_diversity,bert_f1,gpt2_ppl,mlm_ppl
variant_9_final,11.022088353413654,3.671981460685138,4.483694662051375,2.762368158219933,1645,0.2996902896702496,"[{'token': '?', 'count': 498, 'pct': 9.072690836217891}, {'token': 'the', 'count': 402, 'pct': 7.323738385862634}, {'token': 'of', 'count': 234, 'pct': 4.263071597740936}, {'token': 'What', 'count': 171, 'pct': 3.1153215521952995}, {'token': 'is', 'count': 139, 'pct': 2.5323374020768807}, {'token': 'was', 'count': 111, 'pct': 2.022226270723265}, {'token': 'How', 'count': 103, 'pct': 1.87648023319366}, {'token': 'did', 'count': 103, 'pct': 1.87648023319366}, {'token': 'When', 'count': 101, 'pct': 1.8400437238112588}, {'token': 'in', 'count': 99, 'pct': 1.8036072144288577}]",61.53,0.28584441610493716,0.6439504373177842,0.7086575229741148,1.0,710.2395629882812,3.5592434406280518
