variant,sent_mean_len,sent_std_len,tok_mean_len,tok_std_len,vocab_size,ttr,top_unigrams,flesch,distinct1,distinct2,batch_diversity,bert_f1,gpt2_ppl,mlm_ppl
variant_12_final,13.342,3.181986172188685,4.839454354669465,3.013760865035429,1797,0.26937490631089794,"[{'token': 'the', 'count': 530, 'pct': 7.94483585669315}, {'token': '?', 'count': 500, 'pct': 7.49512816669165}, {'token': 'of', 'count': 210, 'pct': 3.147953830010493}, {'token': 'in', 'count': 185, 'pct': 2.7731974216759108}, {'token': 'What', 'count': 170, 'pct': 2.5483435766751614}, {'token': 'to', 'count': 168, 'pct': 2.5183630640083945}, {'token': 'is', 'count': 112, 'pct': 1.6789087093389297}, {'token': 'passage', 'count': 111, 'pct': 1.6639184530055462}, {'token': 'Which', 'count': 107, 'pct': 1.603957427672013}, {'token': 'did', 'count': 98, 'pct': 1.4690451206715633}]",50.94,0.25903162944086344,0.6343328335832084,0.718883214058674,1.0,372.44549560546875,2.222322463989258
