variant,sent_mean_len,sent_std_len,tok_mean_len,tok_std_len,vocab_size,ttr,top_unigrams,flesch,distinct1,distinct2,batch_diversity,bert_f1,gpt2_ppl,mlm_ppl
variant_5_final,11.097560975609756,3.6076130751426922,4.5034798534798535,2.8014561193758247,1633,0.2990842490842491,"[{'token': '?', 'count': 491, 'pct': 8.992673992673993}, {'token': 'the', 'count': 402, 'pct': 7.362637362637363}, {'token': 'of', 'count': 214, 'pct': 3.9194139194139193}, {'token': 'What', 'count': 192, 'pct': 3.5164835164835164}, {'token': 'is', 'count': 140, 'pct': 2.564102564102564}, {'token': 'was', 'count': 113, 'pct': 2.0695970695970693}, {'token': 'in', 'count': 110, 'pct': 2.0146520146520146}, {'token': 'How', 'count': 106, 'pct': 1.9413919413919414}, {'token': 'to', 'count': 83, 'pct': 1.52014652014652}, {'token': 'When', 'count': 81, 'pct': 1.4835164835164834}]",61.43,0.28534798534798533,0.6442571899615314,0.7229401725482782,1.0,662.285400390625,3.349367618560791
