variant,sent_mean_len,sent_std_len,tok_mean_len,tok_std_len,vocab_size,ttr,top_unigrams,flesch,distinct1,distinct2,batch_diversity,bert_f1,gpt2_ppl,mlm_ppl
variant_2_final,11.268,3.761937798528838,4.567270145544906,2.773902307299856,2060,0.36563720269790556,"[{'token': '?', 'count': 500, 'pct': 8.874689385871495}, {'token': 'the', 'count': 377, 'pct': 6.691515796947106}, {'token': 'of', 'count': 192, 'pct': 3.407880724174654}, {'token': 'What', 'count': 142, 'pct': 2.5204117855875046}, {'token': 'did', 'count': 119, 'pct': 2.1121760738374156}, {'token': 'When', 'count': 109, 'pct': 1.9346822861199857}, {'token': 'was', 'count': 109, 'pct': 1.9346822861199857}, {'token': 'in', 'count': 104, 'pct': 1.845935392261271}, {'token': 'How', 'count': 96, 'pct': 1.703940362087327}, {'token': 'is', 'count': 91, 'pct': 1.615193468228612}]",61.22,0.3510827121050763,0.729984022723238,0.8184809406946791,1.0,1571.8818359375,4.564154148101807
