variant,sent_mean_len,sent_std_len,tok_mean_len,tok_std_len,vocab_size,ttr,top_unigrams,flesch,distinct1,distinct2,batch_diversity,bert_f1,gpt2_ppl,mlm_ppl
variant_8_final,14.736,4.564460975843698,4.699782844733985,2.9079228245798086,1580,0.21444082519001087,"[{'token': 'the', 'count': 637, 'pct': 8.645494028230184}, {'token': '?', 'count': 475, 'pct': 6.446796959826276}, {'token': 'in', 'count': 211, 'pct': 2.863735070575461}, {'token': 'of', 'count': 206, 'pct': 2.795874049945711}, {'token': 'to', 'count': 182, 'pct': 2.47014115092291}, {'token': 'What', 'count': 175, 'pct': 2.3751357220412594}, {'token': 'passage', 'count': 154, 'pct': 2.0901194353963084}, {'token': ',', 'count': 127, 'pct': 1.723669923995657}, {'token': 'is', 'count': 121, 'pct': 1.6422366992399566}, {'token': 'did', 'count': 92, 'pct': 1.248642779587405}]",49.72,0.20464421510048886,0.4737199511068858,0.6695421291269668,1.0,334.14227294921875,2.5975213050842285
