variant,sent_mean_len,sent_std_len,tok_mean_len,tok_std_len,vocab_size,ttr,top_unigrams,flesch,distinct1,distinct2,batch_diversity,bert_f1,gpt2_ppl,mlm_ppl
variant_1_final,14.22888888888889,4.415483978617985,4.321489926596907,2.715568254679361,2365,0.18467905669217555,"[{'token': 'the', 'count': 1544, 'pct': 12.056848352334843}, {'token': '?', 'count': 898, 'pct': 7.012337966578166}, {'token': 'of', 'count': 611, 'pct': 4.7712009995314695}, {'token': 'to', 'count': 566, 'pct': 4.419803217241918}, {'token': ',', 'count': 406, 'pct': 3.1703888802124007}, {'token': 'is', 'count': 342, 'pct': 2.6706231454005933}, {'token': 'According', 'count': 313, 'pct': 2.4441667968139935}, {'token': 'following', 'count': 272, 'pct': 2.1240043729501794}, {'token': 'Which', 'count': 234, 'pct': 1.8272684679056694}, {'token': 'in', 'count': 184, 'pct': 1.436826487583945}]",67.15,0.17874433859128533,0.4825458805154237,0.58430284492696,1.0,724.8917846679688,5.222175121307373
