variant,sent_mean_len,sent_std_len,tok_mean_len,tok_std_len,vocab_size,ttr,top_unigrams,flesch,distinct1,distinct2,batch_diversity,bert_f1,gpt2_ppl,mlm_ppl
variant_4_final,10.83,3.567786428585657,4.46112650046168,2.684367629676541,1643,0.30341643582640815,"[{'token': '?', 'count': 499, 'pct': 9.215143120960295}, {'token': 'the', 'count': 407, 'pct': 7.5161588180978764}, {'token': 'What', 'count': 243, 'pct': 4.487534626038781}, {'token': 'of', 'count': 209, 'pct': 3.8596491228070176}, {'token': 'is', 'count': 144, 'pct': 2.6592797783933517}, {'token': 'in', 'count': 121, 'pct': 2.234533702677747}, {'token': 'was', 'count': 107, 'pct': 1.9759926131117267}, {'token': 'to', 'count': 81, 'pct': 1.4958448753462603}, {'token': 'a', 'count': 79, 'pct': 1.4589104339796861}, {'token': 'did', 'count': 76, 'pct': 1.4035087719298245}]",61.73,0.2934441366574331,0.6461026967122275,0.7455797484113273,1.0,919.0933227539062,4.466299057006836
