variant,sent_mean_len,sent_std_len,tok_mean_len,tok_std_len,vocab_size,ttr,top_unigrams,flesch,distinct1,distinct2,batch_diversity,bert_f1,gpt2_ppl,mlm_ppl
variant_7_final,13.976,5.125175509189905,4.529908414424728,2.7910630216274637,1681,0.24055523755008587,"[{'token': 'the', 'count': 487, 'pct': 6.969089868345736}, {'token': '?', 'count': 472, 'pct': 6.7544361763022325}, {'token': 'in', 'count': 196, 'pct': 2.8048082427017746}, {'token': 'did', 'count': 154, 'pct': 2.2037779049799657}, {'token': 'What', 'count': 151, 'pct': 2.1608471665712647}, {'token': 'of', 'count': 151, 'pct': 2.1608471665712647}, {'token': 'to', 'count': 121, 'pct': 1.7315397824842587}, {'token': ""'s"", 'count': 112, 'pct': 1.602747567258157}, {'token': ',', 'count': 108, 'pct': 1.5455065827132226}, {'token': 'passage', 'count': 100, 'pct': 1.4310246136233544}]",59.09,0.227884340108789,0.5888332140300644,0.6478221410982447,1.0,277.5005798339844,2.4825656414031982
