variant,sent_mean_len,sent_std_len,tok_mean_len,tok_std_len,vocab_size,ttr,top_unigrams,flesch,distinct1,distinct2,batch_diversity,bert_f1,gpt2_ppl,mlm_ppl
variant_10_final,11.114173228346457,3.89916656569065,4.537725823591924,2.83653934176887,1689,0.29914984059511157,"[{'token': '?', 'count': 507, 'pct': 8.979808714133899}, {'token': 'the', 'count': 398, 'pct': 7.049238398866454}, {'token': 'of', 'count': 231, 'pct': 4.0913921360255046}, {'token': 'What', 'count': 200, 'pct': 3.5423308537017353}, {'token': 'is', 'count': 157, 'pct': 2.7807297201558625}, {'token': 'in', 'count': 108, 'pct': 1.9128586609989375}, {'token': 'How', 'count': 99, 'pct': 1.7534537725823591}, {'token': 'was', 'count': 96, 'pct': 1.7003188097768331}, {'token': 'did', 'count': 91, 'pct': 1.61176053843429}, {'token': 'to', 'count': 80, 'pct': 1.4169323414806942}]",53.07,0.28768821966341895,0.6389085754783841,0.7064371035522633,1.0,617.9725341796875,3.4859936237335205
