{
  "0": {
    "precision": 0.7222222222222222,
    "recall": 0.52,
    "f1-score": 0.6046511627906976,
    "support": 25.0
  },
  "1": {
    "precision": 0.1875,
    "recall": 0.3333333333333333,
    "f1-score": 0.24,
    "support": 9.0
  },
  "2": {
    "precision": 0.19047619047619047,
    "recall": 0.2222222222222222,
    "f1-score": 0.20512820512820512,
    "support": 18.0
  },
  "3": {
    "precision": 0.35,
    "recall": 0.30434782608695654,
    "f1-score": 0.32558139534883723,
    "support": 23.0
  },
  "accuracy": 0.36,
  "macro avg": {
    "precision": 0.36254960317460316,
    "recall": 0.344975845410628,
    "f1-score": 0.34384019081693495,
    "support": 75.0
  },
  "weighted avg": {
    "precision": 0.4162883597883597,
    "recall": 0.36,
    "f1-score": 0.37942611806797855,
    "support": 75.0
  }
}