{
  "0": {
    "precision": 0.47619047619047616,
    "recall": 0.5263157894736842,
    "f1-score": 0.5,
    "support": 19.0
  },
  "1": {
    "precision": 0.45454545454545453,
    "recall": 0.5555555555555556,
    "f1-score": 0.5,
    "support": 18.0
  },
  "2": {
    "precision": 0.5,
    "recall": 0.35294117647058826,
    "f1-score": 0.41379310344827586,
    "support": 17.0
  },
  "3": {
    "precision": 0.25,
    "recall": 0.23809523809523808,
    "f1-score": 0.24390243902439024,
    "support": 21.0
  },
  "accuracy": 0.41333333333333333,
  "macro avg": {
    "precision": 0.42018398268398266,
    "recall": 0.4182269398987666,
    "f1-score": 0.4144238856181665,
    "support": 75.0
  },
  "weighted avg": {
    "precision": 0.41305916305916307,
    "recall": 0.41333333333333333,
    "f1-score": 0.4087524530417718,
    "support": 75.0
  }
}