{
  "0": {
    "precision": 0.3333333333333333,
    "recall": 0.375,
    "f1-score": 0.35294117647058826,
    "support": 16.0
  },
  "1": {
    "precision": 0.72,
    "recall": 0.5454545454545454,
    "f1-score": 0.6206896551724138,
    "support": 33.0
  },
  "2": {
    "precision": 0.35294117647058826,
    "recall": 0.375,
    "f1-score": 0.36363636363636365,
    "support": 16.0
  },
  "3": {
    "precision": 0.13333333333333333,
    "recall": 0.2,
    "f1-score": 0.16,
    "support": 10.0
  },
  "accuracy": 0.4266666666666667,
  "macro avg": {
    "precision": 0.3849019607843137,
    "recall": 0.37386363636363634,
    "f1-score": 0.3743167988198414,
    "support": 75.0
  },
  "weighted avg": {
    "precision": 0.48098300653594767,
    "recall": 0.4266666666666667,
    "f1-score": 0.4473066568320118,
    "support": 75.0
  }
}