{
    "eval_loss": 1.0831258296966553,
    "eval_accuracy": 0.785,
    "eval_weighted_precision": 0.7936818564158641,
    "eval_weighted_recall": 0.785,
    "eval_weighted_f1": 0.7859561476483186,
    "eval_macro_precision": 0.7876855785002314,
    "eval_macro_recall": 0.7766997251439207,
    "eval_macro_f1": 0.7791998959258746,
    "eval_roc_auc": 0.8971685315284224,
    "eval_cohen_kappa": 0.6703749484960857,
    "eval_confusion_matrix": [
        [
            129,
            13,
            11
        ],
        [
            24,
            69,
            3
        ],
        [
            24,
            11,
            116
        ]
    ],
    "eval_runtime": 0.1348,
    "eval_samples_per_second": 2968.09,
    "eval_steps_per_second": 29.681,
    "epoch": 50.0
}