{
  "0": {
    "precision": 0.23076923076923078,
    "recall": 0.20689655172413793,
    "f1-score": 0.21818181818181817,
    "support": 29.0
  },
  "1": {
    "precision": 0.3611111111111111,
    "recall": 0.3170731707317073,
    "f1-score": 0.33766233766233766,
    "support": 41.0
  },
  "2": {
    "precision": 0.30952380952380953,
    "recall": 0.35135135135135137,
    "f1-score": 0.3291139240506329,
    "support": 37.0
  },
  "3": {
    "precision": 0.3611111111111111,
    "recall": 0.3939393939393939,
    "f1-score": 0.37681159420289856,
    "support": 33.0
  },
  "accuracy": 0.32142857142857145,
  "macro avg": {
    "precision": 0.3156288156288156,
    "recall": 0.3173151169366476,
    "f1-score": 0.3154424185244218,
    "support": 140.0
  },
  "weighted avg": {
    "precision": 0.32047793476364905,
    "recall": 0.32142857142857145,
    "f1-score": 0.3198816169285546,
    "support": 140.0
  }
}