{
    "eval_loss": 1.2114218473434448,
    "eval_accuracy": 0.765,
    "eval_weighted_precision": 0.770823543315976,
    "eval_weighted_recall": 0.765,
    "eval_weighted_f1": 0.7669252728668543,
    "eval_macro_precision": 0.7603409630789928,
    "eval_macro_recall": 0.7620019586200927,
    "eval_macro_f1": 0.7601630710918753,
    "eval_roc_auc": 0.8925400624724124,
    "eval_cohen_kappa": 0.641918403108453,
    "eval_confusion_matrix": [
        [
            114,
            26,
            13
        ],
        [
            21,
            71,
            4
        ],
        [
            23,
            7,
            121
        ]
    ],
    "eval_runtime": 0.1511,
    "eval_samples_per_second": 2646.445,
    "eval_steps_per_second": 26.464,
    "epoch": 47.0
}