{
  "0": {
    "precision": 0.3333333333333333,
    "recall": 0.3333333333333333,
    "f1-score": 0.3333333333333333,
    "support": 30.0
  },
  "1": {
    "precision": 0.5405405405405406,
    "recall": 0.4166666666666667,
    "f1-score": 0.47058823529411764,
    "support": 48.0
  },
  "2": {
    "precision": 0.2571428571428571,
    "recall": 0.28125,
    "f1-score": 0.26865671641791045,
    "support": 32.0
  },
  "3": {
    "precision": 0.3157894736842105,
    "recall": 0.4,
    "f1-score": 0.35294117647058826,
    "support": 30.0
  },
  "accuracy": 0.36428571428571427,
  "macro avg": {
    "precision": 0.3617015511752354,
    "recall": 0.3578125,
    "f1-score": 0.35637986537898747,
    "support": 140.0
  },
  "weighted avg": {
    "precision": 0.38320143989316924,
    "recall": 0.36428571428571427,
    "f1-score": 0.3698106108114888,
    "support": 140.0
  }
}