{
    "eval_loss": 1.772200345993042,
    "eval_accuracy": 0.625,
    "eval_weighted_precision": 0.635284671265937,
    "eval_weighted_recall": 0.625,
    "eval_weighted_f1": 0.6272977072887145,
    "eval_macro_precision": 0.6141402732295201,
    "eval_macro_recall": 0.608230442655355,
    "eval_macro_f1": 0.6086295946407857,
    "eval_roc_auc": 0.7696694749949863,
    "eval_cohen_kappa": 0.427852156997368,
    "eval_confusion_matrix": [
        [
            107,
            28,
            18
        ],
        [
            36,
            47,
            13
        ],
        [
            28,
            27,
            96
        ]
    ],
    "eval_runtime": 0.1343,
    "eval_samples_per_second": 2977.91,
    "eval_steps_per_second": 29.779,
    "epoch": 42.0
}