{
  "0": {
    "precision": 0.35714285714285715,
    "recall": 0.23809523809523808,
    "f1-score": 0.2857142857142857,
    "support": 21.0
  },
  "1": {
    "precision": 0.6190476190476191,
    "recall": 0.4642857142857143,
    "f1-score": 0.5306122448979592,
    "support": 28.0
  },
  "2": {
    "precision": 0.2631578947368421,
    "recall": 0.3333333333333333,
    "f1-score": 0.29411764705882354,
    "support": 15.0
  },
  "3": {
    "precision": 0.0,
    "recall": 0.0,
    "f1-score": 0.0,
    "support": 11.0
  },
  "accuracy": 0.30666666666666664,
  "macro avg": {
    "precision": 0.3098370927318296,
    "recall": 0.2589285714285714,
    "f1-score": 0.2776110444177671,
    "support": 75.0
  },
  "weighted avg": {
    "precision": 0.38374269005847955,
    "recall": 0.30666666666666664,
    "f1-score": 0.3369187675070028,
    "support": 75.0
  }
}