{
  "0": {
    "precision": 0.5652173913043478,
    "recall": 0.8125,
    "f1-score": 0.6666666666666666,
    "support": 16.0
  },
  "1": {
    "precision": 0.4444444444444444,
    "recall": 0.42105263157894735,
    "f1-score": 0.43243243243243246,
    "support": 19.0
  },
  "2": {
    "precision": 0.5714285714285714,
    "recall": 0.42105263157894735,
    "f1-score": 0.48484848484848486,
    "support": 19.0
  },
  "3": {
    "precision": 0.5,
    "recall": 0.47619047619047616,
    "f1-score": 0.4878048780487805,
    "support": 21.0
  },
  "accuracy": 0.52,
  "macro avg": {
    "precision": 0.5202726017943409,
    "recall": 0.5326989348370927,
    "f1-score": 0.5179381154990911,
    "support": 75.0
  },
  "weighted avg": {
    "precision": 0.5179342074994249,
    "recall": 0.52,
    "f1-score": 0.5111854204537131,
    "support": 75.0
  }
}