{
  "0": {
    "precision": 0.22857142857142856,
    "recall": 0.36363636363636365,
    "f1-score": 0.2807017543859649,
    "support": 22.0
  },
  "1": {
    "precision": 0.4166666666666667,
    "recall": 0.4166666666666667,
    "f1-score": 0.4166666666666667,
    "support": 36.0
  },
  "2": {
    "precision": 0.46153846153846156,
    "recall": 0.3870967741935484,
    "f1-score": 0.42105263157894735,
    "support": 31.0
  },
  "3": {
    "precision": 0.4444444444444444,
    "recall": 0.3076923076923077,
    "f1-score": 0.36363636363636365,
    "support": 26.0
  },
  "accuracy": 0.3739130434782609,
  "macro avg": {
    "precision": 0.3878052503052503,
    "recall": 0.3687730280472216,
    "f1-score": 0.37051435406698563,
    "support": 115.0
  },
  "weighted avg": {
    "precision": 0.399059298189733,
    "recall": 0.3739130434782609,
    "f1-score": 0.3798488315650787,
    "support": 115.0
  }
}