{
  "0": {
    "precision": 0.4,
    "recall": 0.36363636363636365,
    "f1-score": 0.38095238095238093,
    "support": 11.0
  },
  "1": {
    "precision": 0.5384615384615384,
    "recall": 0.5,
    "f1-score": 0.5185185185185185,
    "support": 14.0
  },
  "2": {
    "precision": 0.1111111111111111,
    "recall": 0.16666666666666666,
    "f1-score": 0.13333333333333333,
    "support": 6.0
  },
  "3": {
    "precision": 0.0,
    "recall": 0.0,
    "f1-score": 0.0,
    "support": 7.0
  },
  "accuracy": 0.3157894736842105,
  "macro avg": {
    "precision": 0.2623931623931624,
    "recall": 0.25757575757575757,
    "f1-score": 0.2582010582010582,
    "support": 38.0
  },
  "weighted avg": {
    "precision": 0.3317139001349528,
    "recall": 0.3157894736842105,
    "f1-score": 0.32236145920356446,
    "support": 38.0
  }
}