{
  "0": {
    "precision": 0.1111111111111111,
    "recall": 0.08333333333333333,
    "f1-score": 0.09523809523809523,
    "support": 12.0
  },
  "1": {
    "precision": 0.0,
    "recall": 0.0,
    "f1-score": 0.0,
    "support": 10.0
  },
  "2": {
    "precision": 0.23076923076923078,
    "recall": 0.5,
    "f1-score": 0.3157894736842105,
    "support": 6.0
  },
  "3": {
    "precision": 0.4166666666666667,
    "recall": 0.5,
    "f1-score": 0.45454545454545453,
    "support": 10.0
  },
  "accuracy": 0.23684210526315788,
  "macro avg": {
    "precision": 0.18963675213675213,
    "recall": 0.27083333333333337,
    "f1-score": 0.21639325586694008,
    "support": 38.0
  },
  "weighted avg": {
    "precision": 0.18117408906882593,
    "recall": 0.23684210526315788,
    "f1-score": 0.1995539086951829,
    "support": 38.0
  }
}