{
  "0": {
    "precision": 0.29411764705882354,
    "recall": 0.38461538461538464,
    "f1-score": 0.3333333333333333,
    "support": 13.0
  },
  "1": {
    "precision": 0.45454545454545453,
    "recall": 0.25,
    "f1-score": 0.3225806451612903,
    "support": 20.0
  },
  "2": {
    "precision": 0.35714285714285715,
    "recall": 0.35714285714285715,
    "f1-score": 0.35714285714285715,
    "support": 14.0
  },
  "3": {
    "precision": 0.125,
    "recall": 0.3333333333333333,
    "f1-score": 0.18181818181818182,
    "support": 3.0
  },
  "accuracy": 0.32,
  "macro avg": {
    "precision": 0.3077014896867838,
    "recall": 0.33127289377289376,
    "f1-score": 0.29871875436391565,
    "support": 50.0
  },
  "weighted avg": {
    "precision": 0.36578877005347593,
    "recall": 0.32,
    "f1-score": 0.32660801564027375,
    "support": 50.0
  }
}