{
  "0": {
    "precision": 0.36363636363636365,
    "recall": 0.36363636363636365,
    "f1-score": 0.36363636363636365,
    "support": 22.0
  },
  "1": {
    "precision": 0.4375,
    "recall": 0.35,
    "f1-score": 0.3888888888888889,
    "support": 20.0
  },
  "2": {
    "precision": 0.2222222222222222,
    "recall": 0.2857142857142857,
    "f1-score": 0.25,
    "support": 14.0
  },
  "3": {
    "precision": 0.21052631578947367,
    "recall": 0.21052631578947367,
    "f1-score": 0.21052631578947367,
    "support": 19.0
  },
  "accuracy": 0.30666666666666664,
  "macro avg": {
    "precision": 0.3084712254120149,
    "recall": 0.3024692412850307,
    "f1-score": 0.30326289207868157,
    "support": 75.0
  },
  "weighted avg": {
    "precision": 0.3181481481481481,
    "recall": 0.30666666666666664,
    "f1-score": 0.3103703703703704,
    "support": 75.0
  }
}