{
  "0": {
    "precision": 0.3,
    "recall": 0.23076923076923078,
    "f1-score": 0.2608695652173913,
    "support": 13.0
  },
  "1": {
    "precision": 0.2,
    "recall": 0.16666666666666666,
    "f1-score": 0.18181818181818182,
    "support": 12.0
  },
  "2": {
    "precision": 0.09090909090909091,
    "recall": 0.14285714285714285,
    "f1-score": 0.1111111111111111,
    "support": 7.0
  },
  "3": {
    "precision": 0.14285714285714285,
    "recall": 0.16666666666666666,
    "f1-score": 0.15384615384615385,
    "support": 6.0
  },
  "accuracy": 0.18421052631578946,
  "macro avg": {
    "precision": 0.18344155844155846,
    "recall": 0.17673992673992675,
    "f1-score": 0.1769112529982095,
    "support": 38.0
  },
  "weighted avg": {
    "precision": 0.20509227614490774,
    "recall": 0.18421052631578946,
    "f1-score": 0.1914204534341834,
    "support": 38.0
  }
}