{
  "0": {
    "precision": 0.3333333333333333,
    "recall": 0.29411764705882354,
    "f1-score": 0.3125,
    "support": 17.0
  },
  "1": {
    "precision": 0.6363636363636364,
    "recall": 0.5185185185185185,
    "f1-score": 0.5714285714285714,
    "support": 27.0
  },
  "2": {
    "precision": 0.3,
    "recall": 0.3157894736842105,
    "f1-score": 0.3076923076923077,
    "support": 19.0
  },
  "3": {
    "precision": 0.2777777777777778,
    "recall": 0.4166666666666667,
    "f1-score": 0.3333333333333333,
    "support": 12.0
  },
  "accuracy": 0.4,
  "macro avg": {
    "precision": 0.3868686868686869,
    "recall": 0.38627307648205483,
    "f1-score": 0.3812385531135531,
    "support": 75.0
  },
  "weighted avg": {
    "precision": 0.425090909090909,
    "recall": 0.4,
    "f1-score": 0.4078296703296703,
    "support": 75.0
  }
}