{
  "0": {
    "precision": 0.23076923076923078,
    "recall": 0.15,
    "f1-score": 0.18181818181818182,
    "support": 20.0
  },
  "1": {
    "precision": 0.23529411764705882,
    "recall": 0.23529411764705882,
    "f1-score": 0.23529411764705882,
    "support": 17.0
  },
  "2": {
    "precision": 0.3076923076923077,
    "recall": 0.4,
    "f1-score": 0.34782608695652173,
    "support": 20.0
  },
  "3": {
    "precision": 0.21052631578947367,
    "recall": 0.2222222222222222,
    "f1-score": 0.21621621621621623,
    "support": 18.0
  },
  "accuracy": 0.25333333333333335,
  "macro avg": {
    "precision": 0.24607049297451775,
    "recall": 0.25187908496732025,
    "f1-score": 0.24528865065949465,
    "support": 75.0
  },
  "weighted avg": {
    "precision": 0.24744939271255062,
    "recall": 0.25333333333333335,
    "f1-score": 0.2464636968984795,
    "support": 75.0
  }
}