{
  "0": {
    "precision": 0.5,
    "recall": 0.47619047619047616,
    "f1-score": 0.4878048780487805,
    "support": 21.0
  },
  "1": {
    "precision": 0.2222222222222222,
    "recall": 0.21052631578947367,
    "f1-score": 0.21621621621621623,
    "support": 19.0
  },
  "2": {
    "precision": 0.25,
    "recall": 0.29411764705882354,
    "f1-score": 0.2702702702702703,
    "support": 17.0
  },
  "3": {
    "precision": 0.29411764705882354,
    "recall": 0.2777777777777778,
    "f1-score": 0.2857142857142857,
    "support": 18.0
  },
  "accuracy": 0.32,
  "macro avg": {
    "precision": 0.3165849673202614,
    "recall": 0.3146530542041378,
    "f1-score": 0.31500141256238817,
    "support": 75.0
  },
  "weighted avg": {
    "precision": 0.32355119825708056,
    "recall": 0.32,
    "f1-score": 0.3211928304611231,
    "support": 75.0
  }
}