{
  "0": {
    "precision": 0.5,
    "recall": 0.3333333333333333,
    "f1-score": 0.4,
    "support": 12.0
  },
  "1": {
    "precision": 0.4444444444444444,
    "recall": 0.3333333333333333,
    "f1-score": 0.38095238095238093,
    "support": 12.0
  },
  "2": {
    "precision": 0.16666666666666666,
    "recall": 0.14285714285714285,
    "f1-score": 0.15384615384615385,
    "support": 7.0
  },
  "3": {
    "precision": 0.13333333333333333,
    "recall": 0.2857142857142857,
    "f1-score": 0.18181818181818182,
    "support": 7.0
  },
  "accuracy": 0.2894736842105263,
  "macro avg": {
    "precision": 0.3111111111111111,
    "recall": 0.27380952380952384,
    "f1-score": 0.27915417915417917,
    "support": 38.0
  },
  "weighted avg": {
    "precision": 0.3535087719298245,
    "recall": 0.2894736842105263,
    "f1-score": 0.30844944529155055,
    "support": 38.0
  }
}