{
  "0": {
    "precision": 0.14285714285714285,
    "recall": 0.15384615384615385,
    "f1-score": 0.14814814814814814,
    "support": 13.0
  },
  "1": {
    "precision": 0.5,
    "recall": 0.2631578947368421,
    "f1-score": 0.3448275862068966,
    "support": 19.0
  },
  "2": {
    "precision": 0.25,
    "recall": 0.25,
    "f1-score": 0.25,
    "support": 12.0
  },
  "3": {
    "precision": 0.14285714285714285,
    "recall": 0.3333333333333333,
    "f1-score": 0.2,
    "support": 6.0
  },
  "accuracy": 0.24,
  "macro avg": {
    "precision": 0.2589285714285714,
    "recall": 0.2500843454790823,
    "f1-score": 0.23574393358876117,
    "support": 50.0
  },
  "weighted avg": {
    "precision": 0.3042857142857143,
    "recall": 0.24,
    "f1-score": 0.25355300127713926,
    "support": 50.0
  }
}