{
  "0": {
    "precision": 0.5,
    "recall": 0.7142857142857143,
    "f1-score": 0.5882352941176471,
    "support": 14.0
  },
  "1": {
    "precision": 0.6666666666666666,
    "recall": 0.5,
    "f1-score": 0.5714285714285714,
    "support": 16.0
  },
  "2": {
    "precision": 0.4444444444444444,
    "recall": 0.3333333333333333,
    "f1-score": 0.38095238095238093,
    "support": 12.0
  },
  "3": {
    "precision": 0.4444444444444444,
    "recall": 0.5,
    "f1-score": 0.47058823529411764,
    "support": 8.0
  },
  "accuracy": 0.52,
  "macro avg": {
    "precision": 0.5138888888888888,
    "recall": 0.5119047619047619,
    "f1-score": 0.5028011204481793,
    "support": 50.0
  },
  "weighted avg": {
    "precision": 0.531111111111111,
    "recall": 0.52,
    "f1-score": 0.5142857142857143,
    "support": 50.0
  }
}