{
  "0": {
    "precision": 0.375,
    "recall": 0.23076923076923078,
    "f1-score": 0.2857142857142857,
    "support": 13.0
  },
  "1": {
    "precision": 0.3333333333333333,
    "recall": 0.2,
    "f1-score": 0.25,
    "support": 15.0
  },
  "2": {
    "precision": 0.16666666666666666,
    "recall": 0.3333333333333333,
    "f1-score": 0.2222222222222222,
    "support": 6.0
  },
  "3": {
    "precision": 0.0,
    "recall": 0.0,
    "f1-score": 0.0,
    "support": 4.0
  },
  "accuracy": 0.21052631578947367,
  "macro avg": {
    "precision": 0.21874999999999997,
    "recall": 0.191025641025641,
    "f1-score": 0.18948412698412698,
    "support": 38.0
  },
  "weighted avg": {
    "precision": 0.28618421052631576,
    "recall": 0.21052631578947367,
    "f1-score": 0.23151629072681704,
    "support": 38.0
  }
}