{
  "0": {
    "precision": 0.2903225806451613,
    "recall": 0.2903225806451613,
    "f1-score": 0.2903225806451613,
    "support": 31.0
  },
  "1": {
    "precision": 0.45454545454545453,
    "recall": 0.3488372093023256,
    "f1-score": 0.39473684210526316,
    "support": 43.0
  },
  "2": {
    "precision": 0.19444444444444445,
    "recall": 0.25,
    "f1-score": 0.21875,
    "support": 28.0
  },
  "3": {
    "precision": 0.3,
    "recall": 0.3157894736842105,
    "f1-score": 0.3076923076923077,
    "support": 38.0
  },
  "accuracy": 0.30714285714285716,
  "macro avg": {
    "precision": 0.3098281199087651,
    "recall": 0.30123731590792435,
    "f1-score": 0.30287543261068306,
    "support": 140.0
  },
  "weighted avg": {
    "precision": 0.3242135642135642,
    "recall": 0.30714285714285716,
    "f1-score": 0.3127927993059572,
    "support": 140.0
  }
}