{
  "0": {
    "precision": 0.2857142857142857,
    "recall": 0.2222222222222222,
    "f1-score": 0.25,
    "support": 18.0
  },
  "1": {
    "precision": 0.5416666666666666,
    "recall": 0.52,
    "f1-score": 0.5306122448979592,
    "support": 25.0
  },
  "2": {
    "precision": 0.5,
    "recall": 0.5555555555555556,
    "f1-score": 0.5263157894736842,
    "support": 18.0
  },
  "3": {
    "precision": 0.23529411764705882,
    "recall": 0.2857142857142857,
    "f1-score": 0.25806451612903225,
    "support": 14.0
  },
  "accuracy": 0.41333333333333333,
  "macro avg": {
    "precision": 0.3906687675070028,
    "recall": 0.3958730158730158,
    "f1-score": 0.3912481376251689,
    "support": 75.0
  },
  "weighted avg": {
    "precision": 0.4130485527544351,
    "recall": 0.41333333333333333,
    "f1-score": 0.41135858078375664,
    "support": 75.0
  }
}