{
  "0": {
    "precision": 0.23809523809523808,
    "recall": 0.3125,
    "f1-score": 0.2702702702702703,
    "support": 16.0
  },
  "1": {
    "precision": 0.5333333333333333,
    "recall": 0.43243243243243246,
    "f1-score": 0.47761194029850745,
    "support": 37.0
  },
  "2": {
    "precision": 0.14285714285714285,
    "recall": 0.16666666666666666,
    "f1-score": 0.15384615384615385,
    "support": 12.0
  },
  "3": {
    "precision": 0.0,
    "recall": 0.0,
    "f1-score": 0.0,
    "support": 10.0
  },
  "accuracy": 0.30666666666666664,
  "macro avg": {
    "precision": 0.22857142857142854,
    "recall": 0.22789977477477477,
    "f1-score": 0.22543209110373288,
    "support": 75.0
  },
  "weighted avg": {
    "precision": 0.3367619047619048,
    "recall": 0.30666666666666664,
    "f1-score": 0.31789493282030595,
    "support": 75.0
  }
}