{
  "0": {
    "precision": 0.38461538461538464,
    "recall": 0.3125,
    "f1-score": 0.3448275862068966,
    "support": 16.0
  },
  "1": {
    "precision": 0.5238095238095238,
    "recall": 0.6111111111111112,
    "f1-score": 0.5641025641025641,
    "support": 18.0
  },
  "2": {
    "precision": 0.5789473684210527,
    "recall": 0.4583333333333333,
    "f1-score": 0.5116279069767442,
    "support": 24.0
  },
  "3": {
    "precision": 0.5217391304347826,
    "recall": 0.6666666666666666,
    "f1-score": 0.5853658536585366,
    "support": 18.0
  },
  "accuracy": 0.5131578947368421,
  "macro avg": {
    "precision": 0.5022778518201859,
    "recall": 0.5121527777777778,
    "f1-score": 0.5014809777361854,
    "support": 76.0
  },
  "weighted avg": {
    "precision": 0.5114270891098543,
    "recall": 0.5131578947368421,
    "f1-score": 0.5064045087691055,
    "support": 76.0
  }
}