{
  "0": {
    "precision": 0.25,
    "recall": 0.2727272727272727,
    "f1-score": 0.2608695652173913,
    "support": 11.0
  },
  "1": {
    "precision": 0.46153846153846156,
    "recall": 0.2857142857142857,
    "f1-score": 0.35294117647058826,
    "support": 21.0
  },
  "2": {
    "precision": 0.4444444444444444,
    "recall": 0.2857142857142857,
    "f1-score": 0.34782608695652173,
    "support": 14.0
  },
  "3": {
    "precision": 0.0625,
    "recall": 0.25,
    "f1-score": 0.1,
    "support": 4.0
  },
  "accuracy": 0.28,
  "macro avg": {
    "precision": 0.30462072649572647,
    "recall": 0.273538961038961,
    "f1-score": 0.2654092071611253,
    "support": 50.0
  },
  "weighted avg": {
    "precision": 0.3782905982905983,
    "recall": 0.28,
    "f1-score": 0.3110179028132993,
    "support": 50.0
  }
}