{
    "eval_loss": 1.736495852470398,
    "eval_accuracy": 0.485,
    "eval_weighted_precision": 0.556047231938892,
    "eval_weighted_recall": 0.485,
    "eval_weighted_f1": 0.44528345297246974,
    "eval_macro_precision": 0.5318734532648011,
    "eval_macro_recall": 0.5189883348482881,
    "eval_macro_f1": 0.44989370387250344,
    "eval_roc_auc": 0.7297701618134197,
    "eval_cohen_kappa": 0.2550402314438115,
    "eval_confusion_matrix": [
        [
            99,
            45,
            9
        ],
        [
            18,
            74,
            4
        ],
        [
            43,
            87,
            21
        ]
    ],
    "eval_runtime": 0.1329,
    "eval_samples_per_second": 3010.246,
    "eval_steps_per_second": 30.102,
    "epoch": 30.0
}