{
  "0": {
    "precision": 0.26666666666666666,
    "recall": 0.3333333333333333,
    "f1-score": 0.2962962962962963,
    "support": 12.0
  },
  "1": {
    "precision": 0.1111111111111111,
    "recall": 0.0625,
    "f1-score": 0.08,
    "support": 16.0
  },
  "2": {
    "precision": 0.38461538461538464,
    "recall": 0.3333333333333333,
    "f1-score": 0.35714285714285715,
    "support": 15.0
  },
  "3": {
    "precision": 0.15384615384615385,
    "recall": 0.2857142857142857,
    "f1-score": 0.2,
    "support": 7.0
  },
  "accuracy": 0.24,
  "macro avg": {
    "precision": 0.22905982905982905,
    "recall": 0.2537202380952381,
    "f1-score": 0.23335978835978838,
    "support": 50.0
  },
  "weighted avg": {
    "precision": 0.2364786324786325,
    "recall": 0.24,
    "f1-score": 0.23185396825396826,
    "support": 50.0
  }
}