{
  "0": {
    "precision": 0.3,
    "recall": 0.3,
    "f1-score": 0.3,
    "support": 10.0
  },
  "1": {
    "precision": 0.4,
    "recall": 0.3,
    "f1-score": 0.34285714285714286,
    "support": 20.0
  },
  "2": {
    "precision": 0.0,
    "recall": 0.0,
    "f1-score": 0.0,
    "support": 4.0
  },
  "3": {
    "precision": 0.2,
    "recall": 0.5,
    "f1-score": 0.2857142857142857,
    "support": 4.0
  },
  "accuracy": 0.2894736842105263,
  "macro avg": {
    "precision": 0.22499999999999998,
    "recall": 0.275,
    "f1-score": 0.23214285714285712,
    "support": 38.0
  },
  "weighted avg": {
    "precision": 0.3105263157894737,
    "recall": 0.2894736842105263,
    "f1-score": 0.2894736842105263,
    "support": 38.0
  }
}