{
  "0": {
    "precision": 0.5555555555555556,
    "recall": 0.38461538461538464,
    "f1-score": 0.45454545454545453,
    "support": 13.0
  },
  "1": {
    "precision": 0.14285714285714285,
    "recall": 0.08333333333333333,
    "f1-score": 0.10526315789473684,
    "support": 12.0
  },
  "2": {
    "precision": 0.125,
    "recall": 0.14285714285714285,
    "f1-score": 0.13333333333333333,
    "support": 7.0
  },
  "3": {
    "precision": 0.07142857142857142,
    "recall": 0.16666666666666666,
    "f1-score": 0.1,
    "support": 6.0
  },
  "accuracy": 0.21052631578947367,
  "macro avg": {
    "precision": 0.22371031746031744,
    "recall": 0.19436813186813187,
    "f1-score": 0.19828548644338115,
    "support": 38.0
  },
  "weighted avg": {
    "precision": 0.2694757727652465,
    "recall": 0.21052631578947367,
    "f1-score": 0.22909426676739694,
    "support": 38.0
  }
}