{
  "0": {
    "precision": 0.1875,
    "recall": 0.2727272727272727,
    "f1-score": 0.2222222222222222,
    "support": 11.0
  },
  "1": {
    "precision": 0.7857142857142857,
    "recall": 0.55,
    "f1-score": 0.6470588235294118,
    "support": 40.0
  },
  "2": {
    "precision": 0.42857142857142855,
    "recall": 0.42857142857142855,
    "f1-score": 0.42857142857142855,
    "support": 14.0
  },
  "3": {
    "precision": 0.058823529411764705,
    "recall": 0.1,
    "f1-score": 0.07407407407407407,
    "support": 10.0
  },
  "accuracy": 0.4266666666666667,
  "macro avg": {
    "precision": 0.3651523109243697,
    "recall": 0.33782467532467536,
    "f1-score": 0.3429816370992842,
    "support": 75.0
  },
  "weighted avg": {
    "precision": 0.534390756302521,
    "recall": 0.4266666666666667,
    "f1-score": 0.46756717501815537,
    "support": 75.0
  }
}