{
  "0": {
    "precision": 0.28,
    "recall": 0.3333333333333333,
    "f1-score": 0.30434782608695654,
    "support": 21.0
  },
  "1": {
    "precision": 0.4,
    "recall": 0.47058823529411764,
    "f1-score": 0.43243243243243246,
    "support": 17.0
  },
  "2": {
    "precision": 0.25,
    "recall": 0.2,
    "f1-score": 0.2222222222222222,
    "support": 15.0
  },
  "3": {
    "precision": 0.2222222222222222,
    "recall": 0.18181818181818182,
    "f1-score": 0.2,
    "support": 22.0
  },
  "accuracy": 0.29333333333333333,
  "macro avg": {
    "precision": 0.28805555555555556,
    "recall": 0.2964349376114082,
    "f1-score": 0.2897506201854028,
    "support": 75.0
  },
  "weighted avg": {
    "precision": 0.28425185185185187,
    "recall": 0.29333333333333333,
    "f1-score": 0.28634652043347697,
    "support": 75.0
  }
}